Metric,Value
Accuracy,0.9403532155948018
Precision,0.9452347083926032
Recall,0.9906820723071189
F1,0.967424931756142
ROC AUC,0.9649587315428848
